{
  "apps": [{
    "name": "CD-API",
    "script": "./server.js",
    "watch": true,
    "ignore_watch": ["node_modules", "temp", "public/uploads", "app/modules/crons/logs"],
    "watch_options": {
      "followSymlinks": false
    }
  }, {
    "name": "CD-CRON",
    "script": "./cron_server.js",
    "watch": true,
    "ignore_watch": ["node_modules", "temp", "public/uploads", "app/modules/crons/logs"],
    "watch_options": {
      "followSymlinks": false
    }
  }, {
    "name": "CD-SOCKET-MLB",
    "script": "./telnet_server_mlb.js",
    "watch": false
  }]
}