{
  "apps": [{
    "name": "CD-CRON",
    "script": "./cron_server.js",
    "watch": true,
    "max_memory_restart": "3G",
    "ignore_watch": ["node_modules", "temp", "public/uploads", "app/modules/crons/logs"],
    "watch_options": {
      "followSymlinks": false
    }
  }, {
    "name": "CD-LIVE-SCORE",
    "script": "./cron_live_score_server.js",
    "watch": true,
    "ignore_watch": ["node_modules", "temp", "public/uploads", "app/modules/crons/logs"],
    "watch_options": {
      "followSymlinks": false
    }
  }, {
    "name": "CD-SOCKET-MLB",
    "script": "./telnet_server_mlb.js",
    "watch": false
  },{
    "name": "CD-PLAYER-STATS",
    "script": "./cron_player_games.js",
    "watch": true,
    "max_memory_restart": "3G",
    "ignore_watch": ["node_modules", "temp", "public/uploads", "app/modules/crons/logs"],
    "watch_options": {
      "followSymlinks": false
    }
  },{
    "name": "CD-CRON-SECONDS",
    "script": "./cron_server_seconds.js",
    "watch": true,
    "max_memory_restart": "3G",
    "ignore_watch": ["node_modules", "temp", "public/uploads", "app/modules/crons/logs"],
    "watch_options": {
      "followSymlinks": false
    }
  },{
    "name": "CD-SOCKET-NFL",
    "script": "./telnet_server_nfl_amq.js",
    "watch": false
  }]
}