{
  "apps": [ {
    "name": "CD-LIVE-SCORE",
    "script": "./cron_live_score_server.js",
    "watch": true,
    "ignore_watch": ["node_modules", "temp", "public/uploads", "app/modules/crons/logs"],
    "watch_options": {
      "followSymlinks": false
    }}, {
    "name": "CD-SOCKET-MLB",
    "script": "./telnet_server_mlb_amq.js",
    "watch": false
  }, {
    "name": "CD-LIVE-MSG-CONSUMER",
    "script": "./playerMLBMsgConsumer.js",
    "watch": true,
    "ignore_watch": ["node_modules", "temp", "public/uploads", "app/modules/crons/logs"],
    "watch_options": {
      "followSymlinks": false
    }
  }
 ]
}